name,objID,ra,dec,type,psfMag_u,psfMagErr_u,psfMag_g,psfMagErr_g,psfMag_r,psfMagErr_r,psfMag_i,psfMagErr_i,psfMag_z,psfMagErr_z
10000497,588848899377070123,182.90713839,-0.44276344,STAR,18.437298,0.020708,17.443701,0.017167,17.231985,0.01437,17.158607,0.012566,17.161043,0.014986
10000125,587722982292979749,216.56095632,-0.7278343,STAR,17.79158,0.019997,16.875097,0.017692,16.507261,0.015726,16.393679,0.014034,16.365625,0.018007
