name,objID,ra,dec,type,psfMag_u,psfMagErr_u,psfMag_g,psfMagErr_g,psfMag_r,psfMagErr_r,psfMag_i,psfMagErr_i,psfMag_z,psfMagErr_z
10000589,587726013997449296,185.14683226,1.55644212,STAR,17.564741,0.02045,16.608921,0.025002,16.276728,0.015197,16.146988,0.013091,16.112064,0.015959
10000295,587726031690727597,132.21628975,0.77796013,STAR,18.252926,0.021842,17.251621,0.02388,16.852434,0.017257,16.75197,0.016058,16.687437,0.019898
