name,objID,ra,dec,type,psfMag_u,psfMagErr_u,psfMag_g,psfMagErr_g,psfMag_r,psfMagErr_r,psfMag_i,psfMagErr_i,psfMag_z,psfMagErr_z
888105467943,587726878880563261,329.11333926,-7.85191981,STAR,18.260962,0.024173,17.322933,0.012977,17.001678,0.012157,16.878279,0.011406,16.847595,0.017759
10000597,587726031175745543,182.10312192,1.34251467,STAR,17.851992,0.02353,16.878178,0.021112,16.648993,0.016924,16.575874,0.019683,16.52198,0.020218
10000146,587722983902609467,214.37341807,0.54047913,STAR,17.951744,0.016009,17.047626,0.064361,16.793619,0.015363,16.654448,0.014288,16.606766,0.022167
