name,objID,ra,dec,type,psfMag_u,psfMagErr_u,psfMag_g,psfMagErr_g,psfMag_r,psfMagErr_r,psfMag_i,psfMagErr_i,psfMag_z,psfMagErr_z
10000957,587726014011080822,216.35727727,1.27815396,STAR,18.168568,0.024381,17.249638,0.018872,17.032469,0.018397,16.955076,0.02179,16.952467,0.020422
10000632,587726031710978074,178.36780464,1.72611691,STAR,17.638018,0.017357,16.748337,0.022653,16.478001,0.013109,16.404896,0.017637,16.381845,0.020609
