name,objID,ra,dec,type,psfMag_u,psfMagErr_u,psfMag_g,psfMagErr_g,psfMag_r,psfMagErr_r,psfMag_i,psfMagErr_i,psfMag_z,psfMagErr_z
10000597,587726031175745543,182.10312192,1.34251467,STAR,17.851992,0.02353,16.878178,0.021112,16.648993,0.016924,16.575874,0.019683,16.52198,0.020218
10000146,587722983902609467,214.37341807,0.54047913,STAR,17.951744,0.016009,17.047626,0.064361,16.793619,0.015363,16.654448,0.014288,16.606766,0.022167
